Symbol,Year,Name,Country,Category,Market cap,Revenue,Earnings
AM.PA,2003,Dassault Aviation,France,Aircraft manufacturers|Defense contractors|Manufacturing,$4.20 B,$4.68 B,$0.55 B
AM.PA,2004,Dassault Aviation,France,Aircraft manufacturers|Defense contractors|Manufacturing,$6.10 B,$4.69 B,$0.63 B
AM.PA,2005,Dassault Aviation,France,Aircraft manufacturers|Defense contractors|Manufacturing,$6.94 B,$4.07 B,$0.52 B
AM.PA,2006,Dassault Aviation,France,Aircraft manufacturers|Defense contractors|Manufacturing,$8.95 B,$4.42 B,$0.55 B
AM.PA,2007,Dassault Aviation,France,Aircraft manufacturers|Defense contractors|Manufacturing,$9.43 B,$5.99 B,$0.82 B
AM.PA,2008,Dassault Aviation,France,Aircraft manufacturers|Defense contractors|Manufacturing,$5.69 B,$5.23 B,$0.70 B
AM.PA,2009,Dassault Aviation,France,Aircraft manufacturers|Defense contractors|Manufacturing,$7.61 B,$4.90 B,$0.55 B
AM.PA,2010,Dassault Aviation,France,Aircraft manufacturers|Defense contractors|Manufacturing,$8.09 B,$5.56 B,$0.58 B
AM.PA,2011,Dassault Aviation,France,Aircraft manufacturers|Defense contractors|Manufacturing,$7.47 B,$4.28 B,$0.55 B
AM.PA,2012,Dassault Aviation,France,Aircraft manufacturers|Defense contractors|Manufacturing,$9.96 B,$5.21 B,$0.96 B
AM.PA,2013,Dassault Aviation,France,Aircraft manufacturers|Defense contractors|Manufacturing,$12.97 B,$6.34 B,$0.91 B
AM.PA,2014,Dassault Aviation,France,Aircraft manufacturers|Defense contractors|Manufacturing,$11.85 B,$4.47 B,$0.44 B
AM.PA,2015,Dassault Aviation,France,Aircraft manufacturers|Defense contractors|Manufacturing,$10.92 B,$4.57 B,$0.087 B
AM.PA,2016,Dassault Aviation,France,Aircraft manufacturers|Defense contractors|Manufacturing,$9.21 B,$3.85 B,$0.47 B
AM.PA,2017,Dassault Aviation,France,Aircraft manufacturers|Defense contractors|Manufacturing,$12.82 B,$5.88 B,$1.05 B
AM.PA,2018,Dassault Aviation,France,Aircraft manufacturers|Defense contractors|Manufacturing,$11.50 B,$5.85 B,$0.87 B
AM.PA,2019,Dassault Aviation,France,Aircraft manufacturers|Defense contractors|Manufacturing,$10.89 B,$8.25 B,$1.07 B
AM.PA,2020,Dassault Aviation,France,Aircraft manufacturers|Defense contractors|Manufacturing,$9.17 B,$6.75 B,$0.46 B
AM.PA,2021,Dassault Aviation,France,Aircraft manufacturers|Defense contractors|Manufacturing,$8.94 B,$8.20 B,$0.84 B
AM.PA,2022,Dassault Aviation,France,Aircraft manufacturers|Defense contractors|Manufacturing,$15.76 B,$7.44 B,$0.92 B
AM.PA,2023,Dassault Aviation,France,Aircraft manufacturers|Defense contractors|Manufacturing,$14.04 B,$5.31 B,$0.91 B
BA,2001,Boeing,USA,Aircraft manufacturers|Aerospace|Dow jones|Manufacturing,$30.94 B,$58.19 B,$3.56 B
BA,2002,Boeing,USA,Aircraft manufacturers|Aerospace|Dow jones|Manufacturing,$26.37 B,$54.06 B,$3.18 B
BA,2003,Boeing,USA,Aircraft manufacturers|Aerospace|Dow jones|Manufacturing,$33.72 B,$50.48 B,$0.52 B
BA,2004,Boeing,USA,Aircraft manufacturers|Aerospace|Dow jones|Manufacturing,$43.08 B,$52.51 B,$1.96 B
BA,2005,Boeing,USA,Aircraft manufacturers|Aerospace|Dow jones|Manufacturing,$56.20 B,$54.84 B,$2.81 B
BA,2006,Boeing,USA,Aircraft manufacturers|Aerospace|Dow jones|Manufacturing,$70.07 B,$61.53 B,$3.19 B
BA,2007,Boeing,USA,Aircraft manufacturers|Aerospace|Dow jones|Manufacturing,$67.17 B,$66.38 B,$6.11 B
BA,2008,Boeing,USA,Aircraft manufacturers|Aerospace|Dow jones|Manufacturing,$31.00 B,$60.90 B,$3.99 B
BA,2009,Boeing,USA,Aircraft manufacturers|Aerospace|Dow jones|Manufacturing,$39.33 B,$68.28 B,$1.73 B
BA,2010,Boeing,USA,Aircraft manufacturers|Aerospace|Dow jones|Manufacturing,$47.98 B,$64.30 B,$4.5 B
BA,2011,Boeing,USA,Aircraft manufacturers|Aerospace|Dow jones|Manufacturing,$54.51 B,$68.73 B,$5.39 B
BA,2012,Boeing,USA,Aircraft manufacturers|Aerospace|Dow jones|Manufacturing,$56.94 B,$81.69 B,$5.91 B
BA,2013,Boeing,USA,Aircraft manufacturers|Aerospace|Dow jones|Manufacturing,$102.00 B,$86.62 B,$6.23 B
BA,2014,Boeing,USA,Aircraft manufacturers|Aerospace|Dow jones|Manufacturing,$91.86 B,$90.76 B,$7.13 B
BA,2015,Boeing,USA,Aircraft manufacturers|Aerospace|Dow jones|Manufacturing,$96.38 B,$96.11 B,$7.15 B
BA,2016,Boeing,USA,Aircraft manufacturers|Aerospace|Dow jones|Manufacturing,$96.08 B,$94.57 B,$5.56 B
BA,2017,Boeing,USA,Aircraft manufacturers|Aerospace|Dow jones|Manufacturing,$175.64 B,$93.39 B,$10.16 B
BA,2018,Boeing,USA,Aircraft manufacturers|Aerospace|Dow jones|Manufacturing,$183.06 B,$101.12 B,$11.6 B
BA,2019,Boeing,USA,Aircraft manufacturers|Aerospace|Dow jones|Manufacturing,$183.37 B,$76.55 B,$-2.26 B
BA,2020,Boeing,USA,Aircraft manufacturers|Aerospace|Dow jones|Manufacturing,$120.84 B,$58.15 B,$-14.48 B
BA,2021,Boeing,USA,Aircraft manufacturers|Aerospace|Dow jones|Manufacturing,$118.56 B,$62.28 B,$-5.04 B
BA,2022,Boeing,USA,Aircraft manufacturers|Aerospace|Dow jones|Manufacturing,$113.52 B,$66.60 B,$-5.03 B
BA,2023,Boeing,USA,Aircraft manufacturers|Aerospace|Dow jones|Manufacturing,$157.69 B,$77.79 B,$-2.01 B
BEL.NS,2005,Bharat Electronics,India,Electronics|Aerospace|Defense contractors,$1.04 B,,
BEL.NS,2006,Bharat Electronics,India,Electronics|Aerospace|Defense contractors,$1.41 B,,
BEL.NS,2007,Bharat Electronics,India,Electronics|Aerospace|Defense contractors,$2.21 B,,
BEL.NS,2008,Bharat Electronics,India,Electronics|Aerospace|Defense contractors,$0.78 B,,
BEL.NS,2009,Bharat Electronics,India,Electronics|Aerospace|Defense contractors,$2.03 B,,
BEL.NS,2010,Bharat Electronics,India,Electronics|Aerospace|Defense contractors,$1.85 B,,
BEL.NS,2011,Bharat Electronics,India,Electronics|Aerospace|Defense contractors,$1.41 B,,
BEL.NS,2012,Bharat Electronics,India,Electronics|Aerospace|Defense contractors,$1.37 B,,
BEL.NS,2013,Bharat Electronics,India,Electronics|Aerospace|Defense contractors,$1.08 B,,
BEL.NS,2014,Bharat Electronics,India,Electronics|Aerospace|Defense contractors,$3.09 B,,
BEL.NS,2015,Bharat Electronics,India,Electronics|Aerospace|Defense contractors,$4.31 B,,
BEL.NS,2016,Bharat Electronics,India,Electronics|Aerospace|Defense contractors,$1.44 B,,
BEL.NS,2017,Bharat Electronics,India,Electronics|Aerospace|Defense contractors,$5.87 B,,
BEL.NS,2018,Bharat Electronics,India,Electronics|Aerospace|Defense contractors,$2.81 B,,
BEL.NS,2019,Bharat Electronics,India,Electronics|Aerospace|Defense contractors,$3.20 B,$1.52 B,$0.27 B
BEL.NS,2020,Bharat Electronics,India,Electronics|Aerospace|Defense contractors,$3.83 B,$1.71 B,$0.32 B
BEL.NS,2021,Bharat Electronics,India,Electronics|Aerospace|Defense contractors,$6.71 B,$2.11 B,$0.48 B
BEL.NS,2022,Bharat Electronics,India,Electronics|Aerospace|Defense contractors,$8.82 B,$2.18 B,$0.46 B
BEL.NS,2023,Bharat Electronics,India,Electronics|Aerospace|Defense contractors,$16.18 B,,
BSP.F,2001,BAE Systems,UK,Defense contractors|Aerospace,$16.78 B,$11.73 B,$.09 B
BSP.F,2002,BAE Systems,UK,Defense contractors|Aerospace,$6.50 B,$10.47 B,$-0.8 B
BSP.F,2003,BAE Systems,UK,Defense contractors|Aerospace,$8.08 B,$15.00 B,$0.41 B
BSP.F,2004,BAE Systems,UK,Defense contractors|Aerospace,$10.78 B,$16.92 B,$1.19 B
BSP.F,2005,BAE Systems,UK,Defense contractors|Aerospace,$20.56 B,$18.94 B,$0.95 B
BSP.F,2006,BAE Systems,UK,Defense contractors|Aerospace,$23.04 B,$24.22 B,$1.68 B
BSP.F,2007,BAE Systems,UK,Defense contractors|Aerospace,$25.96 B,$28.42 B,$2.45 B
BSP.F,2008,BAE Systems,UK,Defense contractors|Aerospace,$14.80 B,$24.43 B,$3.47 B
BSP.F,2009,BAE Systems,UK,Defense contractors|Aerospace,$15.13 B,$32.96 B,$0.43 B
BSP.F,2010,BAE Systems,UK,Defense contractors|Aerospace,$15.14 B,$32.38 B,$2.17 B
BSP.F,2011,BAE Systems,UK,Defense contractors|Aerospace,$12.17 B,$27.56 B,$2.27 B
BSP.F,2012,BAE Systems,UK,Defense contractors|Aerospace,$16.26 B,$26.97 B,$1.94 B
BSP.F,2013,BAE Systems,UK,Defense contractors|Aerospace,$18.35 B,$27.81 B,$0.69 B
BSP.F,2014,BAE Systems,UK,Defense contractors|Aerospace,$20.98 B,$24.02 B,$1.37 B
BSP.F,2015,BAE Systems,UK,Defense contractors|Aerospace,$23.60 B,$24.87 B,$1.61 B
BSP.F,2016,BAE Systems,UK,Defense contractors|Aerospace,$24.04 B,$21.96 B,$1.42 B
BSP.F,2017,BAE Systems,UK,Defense contractors|Aerospace,$22.63 B,$23.28 B,$1.45 B
BSP.F,2018,BAE Systems,UK,Defense contractors|Aerospace,$17.93 B,$21.35 B,$1.55 B
BSP.F,2019,BAE Systems,UK,Defense contractors|Aerospace,$23.34 B,$24.00 B,$2.13 B
BSP.F,2020,BAE Systems,UK,Defense contractors|Aerospace,$19.20 B,$26.27 B,$2.17 B
BSP.F,2021,BAE Systems,UK,Defense contractors|Aerospace,$22.85 B,$26.35 B,$2.84 B
BSP.F,2022,BAE Systems,UK,Defense contractors|Aerospace,$30.21 B,$25.76 B,$2.41 B
BSP.F,2023,BAE Systems,UK,Defense contractors|Aerospace,$42.70 B,$29.37 B,$2.96 B
EADSF,2009,Airbus,Netherlands,Aircraft manufacturers|Aerospace|CAC 40|Manufacturing|DAX,$16.05 B,$60.41 B,$-0.73 B
EADSF,2010,Airbus,Netherlands,Aircraft manufacturers|Aerospace|CAC 40|Manufacturing|DAX,$18.75 B,$60.19 B,$1.62 B
EADSF,2011,Airbus,Netherlands,Aircraft manufacturers|Aerospace|CAC 40|Manufacturing|DAX,$25.35 B,$67.32 B,$2.00 B
EADSF,2012,Airbus,Netherlands,Aircraft manufacturers|Aerospace|CAC 40|Manufacturing|DAX,$32.07 B,$73.56 B,$3.14 B
EADSF,2013,Airbus,Netherlands,Aircraft manufacturers|Aerospace|CAC 40|Manufacturing|DAX,$60.13 B,$77.71 B,$3.27 B
EADSF,2014,Airbus,Netherlands,Aircraft manufacturers|Aerospace|CAC 40|Manufacturing|DAX,$39.43 B,$78.71 B,$4.77 B
EADSF,2015,Airbus,Netherlands,Aircraft manufacturers|Aerospace|CAC 40|Manufacturing|DAX,$53.13 B,$71.28 B,$4.46 B
EADSF,2016,Airbus,Netherlands,Aircraft manufacturers|Aerospace|CAC 40|Manufacturing|DAX,$51.31 B,$73.03 B,$2.06 B
EADSF,2017,Airbus,Netherlands,Aircraft manufacturers|Aerospace|CAC 40|Manufacturing|DAX,$76.72 B,$71.68 B,$5.21 B
EADSF,2018,Airbus,Netherlands,Aircraft manufacturers|Aerospace|CAC 40|Manufacturing|DAX,$74.50 B,$74.37 B,$5.47 B
EADSF,2019,Airbus,Netherlands,Aircraft manufacturers|Aerospace|CAC 40|Manufacturing|DAX,$114.34 B,$78.87 B,$1.61 B
EADSF,2020,Airbus,Netherlands,Aircraft manufacturers|Aerospace|CAC 40|Manufacturing|DAX,$86.54 B,$58.54 B,$-0.62 B
EADSF,2021,Airbus,Netherlands,Aircraft manufacturers|Aerospace|CAC 40|Manufacturing|DAX,$99.97 B,$60.58 B,$6.26 B
EADSF,2022,Airbus,Netherlands,Aircraft manufacturers|Aerospace|CAC 40|Manufacturing|DAX,$93.30 B,$61.96 B,$5.86 B
EADSF,2023,Airbus,Netherlands,Aircraft manufacturers|Aerospace|CAC 40|Manufacturing|DAX,$121.6 B,$71.14 B,$6.01 B
GD,2001,General Dynamics,USA,Defense contractors,$15.98 B,$12.16 B,$1.47 B
GD,2002,General Dynamics,USA,Defense contractors,$17.26 B,$13.82 B,$1.64 B
GD,2003,General Dynamics,USA,Defense contractors,$17.89 B,$16.61 B,$1.48 B
GD,2004,General Dynamics,USA,Defense contractors,$21.02 B,$19.18 B,$2.51 B
GD,2005,General Dynamics,USA,Defense contractors,$22.83 B,$21.24 B,$2.37 B
GD,2006,General Dynamics,USA,Defense contractors,$30.16 B,$24.08 B,$2.77 B
GD,2007,General Dynamics,USA,Defense contractors,$35.95 B,$27.24 B,$3.17 B
GD,2008,General Dynamics,USA,Defense contractors,$22.45 B,$29.30 B,$3.73 B
GD,2009,General Dynamics,USA,Defense contractors,$26.29 B,$31.98 B,$3.68 B
GD,2010,General Dynamics,USA,Defense contractors,$26.40 B,$32.46 B,$3.95 B
GD,2011,General Dynamics,USA,Defense contractors,$23.64 B,$32.67 B,$3.87 B
GD,2012,General Dynamics,USA,Defense contractors,$24.69 B,$31.51 B,$0.70 B
GD,2013,General Dynamics,USA,Defense contractors,$33.76 B,$31.21 B,$3.71 B
GD,2014,General Dynamics,USA,Defense contractors,$45.71 B,$30.91 B,$3.90 B
GD,2015,General Dynamics,USA,Defense contractors,$42.99 B,$31.46 B,$4.20 B
GD,2016,General Dynamics,USA,Defense contractors,$52.57 B,$31.35 B,$4.33 B
GD,2017,General Dynamics,USA,Defense contractors,$60.74 B,$30.97 B,$4.19 B
GD,2018,General Dynamics,USA,Defense contractors,$45.38 B,$36.19 B,$4.45 B
GD,2019,General Dynamics,USA,Defense contractors,$51.07 B,$39.35 B,$4.67 B
GD,2020,General Dynamics,USA,Defense contractors,$42.70 B,$37.92 B,$4.22 B
GD,2021,General Dynamics,USA,Defense contractors,$57.87 B,$38.48 B,$4.33 B
GD,2022,General Dynamics,USA,Defense contractors,$68.11 B,$39.40 B,$4.42 B
GD,2023,General Dynamics,USA,Defense contractors,$70.86 B,$42.27 B,$4.38 B
HAL.NS,2018,Hindustan Aeronautics,India,Aerospace|Defense contractors,$3.87 B,,
HAL.NS,2019,Hindustan Aeronautics,India,Aerospace|Defense contractors,$3.43 B,$3.01 B,$0.61 B
HAL.NS,2020,Hindustan Aeronautics,India,Aerospace|Defense contractors,$3.86 B,$2.95 B,$0.59 B
HAL.NS,2021,Hindustan Aeronautics,India,Aerospace|Defense contractors,$5.44 B,$3.16 B,$0.65 B
HAL.NS,2022,Hindustan Aeronautics,India,Aerospace|Defense contractors,$10.22 B,$3.26 B,$0.79 B
HAL.NS,2023,Hindustan Aeronautics,India,Aerospace|Defense contractors,$22.55 B,$3.40 B,$0.88 B
HII,2010,Huntington Ingalls Industries,USA,Defense contractors,,$6.72 B,$0.23 B
HII,2011,Huntington Ingalls Industries,USA,Defense contractors,$1.52 B,$6.57 B,$0.11 B
HII,2012,Huntington Ingalls Industries,USA,Defense contractors,$2.14 B,$6.70 B,$0.35 B
HII,2013,Huntington Ingalls Industries,USA,Defense contractors,$4.38 B,$6.82 B,$0.51 B
HII,2014,Huntington Ingalls Industries,USA,Defense contractors,$5.43 B,$6.95 B,$0.65 B
HII,2015,Huntington Ingalls Industries,USA,Defense contractors,$5.94 B,$7.02 B,$0.76 B
HII,2016,Huntington Ingalls Industries,USA,Defense contractors,$8.54 B,$7.06 B,$0.85 B
HII,2017,Huntington Ingalls Industries,USA,Defense contractors,$10.66 B,$7.44 B,$0.86 B
HII,2018,Huntington Ingalls Industries,USA,Defense contractors,$7.97 B,$8.17 B,$1.02 B
HII,2019,Huntington Ingalls Industries,USA,Defense contractors,$10.23 B,$8.89 B,$0.75 B
HII,2020,Huntington Ingalls Industries,USA,Defense contractors,$6.90 B,$9.36 B,$0.92 B
HII,2021,Huntington Ingalls Industries,USA,Defense contractors,$7.48 B,$9.52 B,$0.71 B
HII,2022,Huntington Ingalls Industries,USA,Defense contractors,$9.20 B,$10.67 B,$0.82 B
HII,2023,Huntington Ingalls Industries,USA,Defense contractors,$10.31 B,$11.45 B,$0.94 B
HO.PA,2001,Thales,France,Defense contractors|CAC 40,,$11.18 B,$0.70 B
HO.PA,2002,Thales,France,Defense contractors|CAC 40,,$12.10 B,$0.65 B
HO.PA,2003,Thales,France,Defense contractors|CAC 40,$5.76 B,$13.30 B,$0.87 B
HO.PA,2004,Thales,France,Defense contractors|CAC 40,$8.23 B,$13.94 B,$3.16 B
HO.PA,2005,Thales,France,Defense contractors|CAC 40,$7.79 B,$12.12 B,$2.73 B
HO.PA,2006,Thales,France,Defense contractors|CAC 40,$8.57 B,$13.56 B,$0.75 B
HO.PA,2007,Thales,France,Defense contractors|CAC 40,$11.62 B,$17.95 B,$1.61 B
HO.PA,2008,Thales,France,Defense contractors|CAC 40,$8.12 B,$17.70 B,$0.98 B
HO.PA,2009,Thales,France,Defense contractors|CAC 40,$10.06 B,$18.45 B,-$0.41 B
HO.PA,2010,Thales,France,Defense contractors|CAC 40,$6.80 B,$17.45 B,-$0.33 B
HO.PA,2011,Thales,France,Defense contractors|CAC 40,$6.28 B,$16.88 B,$1.04 B
HO.PA,2012,Thales,France,Defense contractors|CAC 40,$6.92 B,$18.72 B,$1.24 B
HO.PA,2013,Thales,France,Defense contractors|CAC 40,$13.13 B,$17.53 B,$1.25 B
HO.PA,2014,Thales,France,Defense contractors|CAC 40,$11.27 B,$15.77 B,$1.32 B
HO.PA,2015,Thales,France,Defense contractors|CAC 40,$15.87 B,$15.37 B,$1.21 B
HO.PA,2016,Thales,France,Defense contractors|CAC 40,$20.54 B,$15.66 B,$1.43 B
HO.PA,2017,Thales,France,Defense contractors|CAC 40,$22.73 B,$18.28 B,$1.26 B
HO.PA,2018,Thales,France,Defense contractors|CAC 40,$24.79 B,$18.13 B,$1.61 B
HO.PA,2019,Thales,France,Defense contractors|CAC 40,$22.05 B,$20.61 B,$1.74 B
HO.PA,2020,Thales,France,Defense contractors|CAC 40,$19.61 B,$18.90 B,$0.74 B
HO.PA,2021,Thales,France,Defense contractors|CAC 40,$18.03 B,$18.33 B,$1.41 B
HO.PA,2022,Thales,France,Defense contractors|CAC 40,$26.97 B,$18.81 B,$1.55 B
HO.PA,2023,Thales,France,Defense contractors|CAC 40,$30.71 B,,
HON,2001,Honeywell,USA,Dow jones|Aerospace|Defense contractors,$27.66 B,$23.65 B,$0.15 B
HON,2002,Honeywell,USA,Dow jones|Aerospace|Defense contractors,$20.50 B,$22.27 B,$1.90 B
HON,2003,Honeywell,USA,Dow jones|Aerospace|Defense contractors,$28.82 B,$23.10 B,$1.91 B
HON,2004,Honeywell,USA,Dow jones|Aerospace|Defense contractors,$30.09 B,$25.60 B,$1.70 B
HON,2005,Honeywell,USA,Dow jones|Aerospace|Defense contractors,$30.89 B,$27.65 B,$2.48 B
HON,2006,Honeywell,USA,Dow jones|Aerospace|Defense contractors,$36.21 B,$31.36 B,$3.06 B
HON,2007,Honeywell,USA,Dow jones|Aerospace|Defense contractors,$45.96 B,$34.58 B,$3.72 B
HON,2008,Honeywell,USA,Dow jones|Aerospace|Defense contractors,$23.84 B,$36.55 B,$3.52 B
HON,2009,Honeywell,USA,Dow jones|Aerospace|Defense contractors,$29.95 B,$30.90 B,$3.43 B
HON,2010,Honeywell,USA,Dow jones|Aerospace|Defense contractors,$41.62 B,$33.37 B,$3.22 B
HON,2011,Honeywell,USA,Dow jones|Aerospace|Defense contractors,$42.03 B,$36.76 B,$2.68 B
HON,2012,Honeywell,USA,Dow jones|Aerospace|Defense contractors,$49.68 B,$37.66 B,$4.22 B
HON,2013,Honeywell,USA,Dow jones|Aerospace|Defense contractors,$71.61 B,$39.05 B,$5.73 B
HON,2014,Honeywell,USA,Dow jones|Aerospace|Defense contractors,$78.15 B,$40.30 B,$6.13 B
HON,2015,Honeywell,USA,Dow jones|Aerospace|Defense contractors,$79.82 B,$38.58 B,$6.89 B
HON,2016,Honeywell,USA,Dow jones|Aerospace|Defense contractors,$88.29 B,$39.30 B,$6.78 B
HON,2017,Honeywell,USA,Dow jones|Aerospace|Defense contractors,$116.06 B,$40.53 B,$7.21 B
HON,2018,Honeywell,USA,Dow jones|Aerospace|Defense contractors,$96.39 B,$41.80 B,$7.85 B
HON,2019,Honeywell,USA,Dow jones|Aerospace|Defense contractors,$125.86 B,$36.70 B,$7.91 B
HON,2020,Honeywell,USA,Dow jones|Aerospace|Defense contractors,$149.24 B,$32.63 B,$6.37 B
HON,2021,Honeywell,USA,Dow jones|Aerospace|Defense contractors,$143.54 B,$34.39 B,$7.57 B
HON,2022,Honeywell,USA,Dow jones|Aerospace|Defense contractors,$144.07 B,$35.46 B,$6.79 B
HON,2023,Honeywell,USA,Dow jones|Aerospace|Defense contractors,$138.25 B,$36.66 B,$7.92 B
LDO.MI,2005,Leonardo,Italy,Aerospace|Defense contractors,$8.18 B,,
LDO.MI,2006,Leonardo,Italy,Aerospace|Defense contractors,$11.48 B,,
LDO.MI,2007,Leonardo,Italy,Aerospace|Defense contractors,$13.62 B,,
LDO.MI,2008,Leonardo,Italy,Aerospace|Defense contractors,$8.79 B,,
LDO.MI,2009,Leonardo,Italy,Aerospace|Defense contractors,$9.25 B,$25.67 B,$3.44 B
LDO.MI,2010,Leonardo,Italy,Aerospace|Defense contractors,$6.53 B,$24.54 B,$2.72 B
LDO.MI,2011,Leonardo,Italy,Aerospace|Defense contractors,$2.14 B,$23.83 B,$-1.7 B
LDO.MI,2012,Leonardo,Italy,Aerospace|Defense contractors,$3.32 B,$22.35 B,$-0.84 B
LDO.MI,2013,Leonardo,Italy,Aerospace|Defense contractors,$4.39 B,$20.55 B,$-.08 B
LDO.MI,2014,Leonardo,Italy,Aerospace|Defense contractors,$5.43 B,$18.46 B,$0.63 B
LDO.MI,2015,Leonardo,Italy,Aerospace|Defense contractors,$8.15 B,$14.37 B,$0.84 B
LDO.MI,2016,Leonardo,Italy,Aerospace|Defense contractors,$8.09 B,,$3.50 B
LDO.MI,2017,Leonardo,Italy,Aerospace|Defense contractors,$6.80 B,$13.05 B,$0.69 B
LDO.MI,2018,Leonardo,Italy,Aerospace|Defense contractors,$5.04 B,$14.33 B,$0.78 B
LDO.MI,2019,Leonardo,Italy,Aerospace|Defense contractors,$6.73 B,$15.41 B,$1.19 B
LDO.MI,2020,Leonardo,Italy,Aerospace|Defense contractors,$4.18 B,$15.64 B,$0.57 B
LDO.MI,2021,Leonardo,Italy,Aerospace|Defense contractors,$4.10 B,$16.41 B,$1.14 B
LDO.MI,2022,Leonardo,Italy,Aerospace|Defense contractors,$4.94 B,$15.50 B,$1.17 B
LDO.MI,2023,Leonardo,Italy,Aerospace|Defense contractors,$9.49 B,$16.62 B,$1.17 B
LHX,2001,L3Harris Technologies,USA,Defense contractors,$2.01 B,$1.90 B,$0.11 B
LHX,2002,L3Harris Technologies,USA,Defense contractors,$1.74 B,$1.95 B,$0.12 B
LHX,2003,L3Harris Technologies,USA,Defense contractors,$2.51 B,$2.28 B,$0.11 B
LHX,2004,L3Harris Technologies,USA,Defense contractors,$4.11 B,$2.75 B,$0.22 B
LHX,2005,L3Harris Technologies,USA,Defense contractors,$5.72 B,$3.19 B,$0.31 B
LHX,2006,L3Harris Technologies,USA,Defense contractors,$6.09 B,$3.83 B,$0.49 B
LHX,2007,L3Harris Technologies,USA,Defense contractors,$8.48 B,$4.82 B,$0.73 B
LHX,2008,L3Harris Technologies,USA,Defense contractors,$5.12 B,$5.65 B,$0.68 B
LHX,2009,L3Harris Technologies,USA,Defense contractors,$6.26 B,$4.53 B,$0.79 B
LHX,2010,L3Harris Technologies,USA,Defense contractors,$5.69 B,$5.62 B,$0.94 B
LHX,2011,L3Harris Technologies,USA,Defense contractors,$4.05 B,$5.98 B,$0.80 B
LHX,2012,L3Harris Technologies,USA,Defense contractors,$5.50 B,$5.10 B,$1.26 B
LHX,2013,L3Harris Technologies,USA,Defense contractors,$7.44 B,$4.97 B,$0.66 B
LHX,2014,L3Harris Technologies,USA,Defense contractors,$7.51 B,$4.95 B,$0.76 B
LHX,2015,L3Harris Technologies,USA,Defense contractors,$10.81 B,$6.37 B,$0.61 B
LHX,2016,L3Harris Technologies,USA,Defense contractors,$12.73 B,$7.26 B,$0.90 B
LHX,2017,L3Harris Technologies,USA,Defense contractors,$16.79 B,$5.97 B,$0.92 B
LHX,2018,L3Harris Technologies,USA,Defense contractors,$15.85 B,$6.44 B,$0.98 B
LHX,2019,L3Harris Technologies,USA,Defense contractors,$43.74 B,$12.85 B,$1.49 B
LHX,2020,L3Harris Technologies,USA,Defense contractors,$39.71 B,$18.19 B,$1.32 B
LHX,2021,L3Harris Technologies,USA,Defense contractors,$41.84 B,$17.81 B,$2.28 B
LHX,2022,L3Harris Technologies,USA,Defense contractors,$39.64 B,$17.06 B,$1.27 B
LHX,2023,L3Harris Technologies,USA,Defense contractors,$39.92 B,$19.41 B,$1.22 B
LMT,2001,Lockheed Martin,USA,Aerospace|Defense contractors|Aircraft manufacturers|Manufacturing,$20.69 B,$23.99 B,$0.88 B
LMT,2002,Lockheed Martin,USA,Aerospace|Defense contractors|Aircraft manufacturers|Manufacturing,$26.31 B,$26.57 B,$1.15 B
LMT,2003,Lockheed Martin,USA,Aerospace|Defense contractors|Aircraft manufacturers|Manufacturing,$22.98 B,$31.82 B,$2.01 B
LMT,2004,Lockheed Martin,USA,Aerospace|Defense contractors|Aircraft manufacturers|Manufacturing,$24.50 B,$35.52 B,$2.08 B
LMT,2005,Lockheed Martin,USA,Aerospace|Defense contractors|Aircraft manufacturers|Manufacturing,$27.80 B,$37.21 B,$2.79 B
LMT,2006,Lockheed Martin,USA,Aerospace|Defense contractors|Aircraft manufacturers|Manufacturing,$38.76 B,$39.62 B,$3.74 B
LMT,2007,Lockheed Martin,USA,Aerospace|Defense contractors|Aircraft manufacturers|Manufacturing,$42.95 B,$41.86 B,$4.82 B
LMT,2008,Lockheed Martin,USA,Aerospace|Defense contractors|Aircraft manufacturers|Manufacturing,$33.32 B,$42.73 B,$5.01 B
LMT,2009,Lockheed Martin,USA,Aerospace|Defense contractors|Aircraft manufacturers|Manufacturing,$28.10 B,$45.18 B,$4.58 B
LMT,2010,Lockheed Martin,USA,Aerospace|Defense contractors|Aircraft manufacturers|Manufacturing,$24.32 B,$46.24 B,$4.20 B
LMT,2011,Lockheed Martin,USA,Aerospace|Defense contractors|Aircraft manufacturers|Manufacturing,$26.17 B,$46.51 B,$3.96 B
LMT,2012,Lockheed Martin,USA,Aerospace|Defense contractors|Aircraft manufacturers|Manufacturing,$29.62 B,$47.18 B,$4.45 B
LMT,2013,Lockheed Martin,USA,Aerospace|Defense contractors|Aircraft manufacturers|Manufacturing,$47.71 B,$45.35 B,$4.50 B
LMT,2014,Lockheed Martin,USA,Aerospace|Defense contractors|Aircraft manufacturers|Manufacturing,$60.85 B,$45.60 B,$5.59 B
LMT,2015,Lockheed Martin,USA,Aerospace|Defense contractors|Aircraft manufacturers|Manufacturing,$66.23 B,$46.13 B,$5.46 B
LMT,2016,Lockheed Martin,USA,Aerospace|Defense contractors|Aircraft manufacturers|Manufacturing,$73.22 B,$49.91 B,$5.87 B
LMT,2017,Lockheed Martin,USA,Aerospace|Defense contractors|Aircraft manufacturers|Manufacturing,$92.05 B,$51.04 B,$5.92 B
LMT,2018,Lockheed Martin,USA,Aerospace|Defense contractors|Aircraft manufacturers|Manufacturing,$73.57 B,$53.76 B,$6.50 B
LMT,2019,Lockheed Martin,USA,Aerospace|Defense contractors|Aircraft manufacturers|Manufacturing,$109.41 B,$59.81 B,$7.89 B
LMT,2020,Lockheed Martin,USA,Aerospace|Defense contractors|Aircraft manufacturers|Manufacturing,$99.31 B,$65.39 B,$8.82 B
LMT,2021,Lockheed Martin,USA,Aerospace|Defense contractors|Aircraft manufacturers|Manufacturing,$96.31 B,$67.04 B,$7.55 B
LMT,2022,Lockheed Martin,USA,Aerospace|Defense contractors|Aircraft manufacturers|Manufacturing,$127.49 B,$65.98 B,$6.68 B
LMT,2023,Lockheed Martin,USA,Aerospace|Defense contractors|Aircraft manufacturers|Manufacturing,$112.44 B,$67.57 B,$8.09 B
NOC,2001,Northrop Grumman,USA,Aerospace|Defense contractors,$10.98 B,$13.55 B,$1.00 B
NOC,2002,Northrop Grumman,USA,Aerospace|Defense contractors,$17.77 B,$17.52 B,$1.39 B
NOC,2003,Northrop Grumman,USA,Aerospace|Defense contractors,$17.31 B,$26.20 B,$1.53 B
NOC,2004,Northrop Grumman,USA,Aerospace|Defense contractors,$19.81 B,$29.73 B,$2.02 B
NOC,2005,Northrop Grumman,USA,Aerospace|Defense contractors,$20.87 B,$30.72 B,$2.17 B
NOC,2006,Northrop Grumman,USA,Aerospace|Defense contractors,$23.41 B,$30.23 B,$2.44 B
NOC,2007,Northrop Grumman,USA,Aerospace|Defense contractors,$26.56 B,$32.02 B,$2.99 B
NOC,2008,Northrop Grumman,USA,Aerospace|Defense contractors,$14.72 B,$33.88 B,-$0.12 B
NOC,2009,Northrop Grumman,USA,Aerospace|Defense contractors,$17.13 B,$33.75 B,$2.54 B
NOC,2010,Northrop Grumman,USA,Aerospace|Defense contractors,$18.84 B,$34.75 B,$2.87 B
NOC,2011,Northrop Grumman,USA,Aerospace|Defense contractors,$15.27 B,$26.41 B,$3.30 B
NOC,2012,Northrop Grumman,USA,Aerospace|Defense contractors,$16.16 B,$25.21 B,$3.17 B
NOC,2013,Northrop Grumman,USA,Aerospace|Defense contractors,$24.93 B,$24.66 B,$3.12 B
NOC,2014,Northrop Grumman,USA,Aerospace|Defense contractors,$29.32 B,$23.97 B,$3.21 B
NOC,2015,Northrop Grumman,USA,Aerospace|Defense contractors,$34.23 B,$23.52 B,$3.09 B
NOC,2016,Northrop Grumman,USA,Aerospace|Defense contractors,$40.99 B,$24.50 B,$3.22 B
NOC,2017,Northrop Grumman,USA,Aerospace|Defense contractors,$53.42 B,$25.80 B,$3.40 B
NOC,2018,Northrop Grumman,USA,Aerospace|Defense contractors,$41.78 B,$30.09 B,$4.30 B
NOC,2019,Northrop Grumman,USA,Aerospace|Defense contractors,$57.73 B,$33.84 B,$3.07 B
NOC,2020,Northrop Grumman,USA,Aerospace|Defense contractors,$50.80 B,$36.79 B,$4.32 B
NOC,2021,Northrop Grumman,USA,Aerospace|Defense contractors,$60.49 B,$35.66 B,$8.93 B
NOC,2022,Northrop Grumman,USA,Aerospace|Defense contractors,$83.97 B,$36.60 B,$5.83 B
NOC,2023,Northrop Grumman,USA,Aerospace|Defense contractors,$70.59 B,$39.29 B,$2.34 B
RHM.F,2005,Rheinmetall,Germany,Automotive Suppliers|Defense contractors,$2.10 B,,
RHM.F,2006,Rheinmetall,Germany,Automotive Suppliers|Defense contractors,$2.27 B,,
RHM.F,2007,Rheinmetall,Germany,Automotive Suppliers|Defense contractors,$2.17 B,,
RHM.F,2008,Rheinmetall,Germany,Automotive Suppliers|Defense contractors,$0.90 B,,
RHM.F,2009,Rheinmetall,Germany,Automotive Suppliers|Defense contractors,$1.87 B,$4.82 B,$0.26 B
RHM.F,2010,Rheinmetall,Germany,Automotive Suppliers|Defense contractors,$2.52 B,$5.69 B,$0.91 B
RHM.F,2011,Rheinmetall,Germany,Automotive Suppliers|Defense contractors,$1.44 B,$6.61 B,$0.49 B
RHM.F,2012,Rheinmetall,Germany,Automotive Suppliers|Defense contractors,$1.51 B,$6.12 B,$0.37 B
RHM.F,2013,Rheinmetall,Germany,Automotive Suppliers|Defense contractors,$1.88 B,$6.03 B,$0.15 B
RHM.F,2014,Rheinmetall,Germany,Automotive Suppliers|Defense contractors,$1.53 B,$6.08 B,$0.12 B
RHM.F,2015,Rheinmetall,Germany,Automotive Suppliers|Defense contractors,$2.87 B,$5.72 B,$0.33 B
RHM.F,2016,Rheinmetall,Germany,Automotive Suppliers|Defense contractors,$2.99 B,$6.16 B,$0.38 B
RHM.F,2017,Rheinmetall,Germany,Automotive Suppliers|Defense contractors,$4.97 B,$6.79 B,$0.45 B
RHM.F,2018,Rheinmetall,Germany,Automotive Suppliers|Defense contractors,$3.65 B,$7.20 B,$0.60 B
RHM.F,2019,Rheinmetall,Germany,Automotive Suppliers|Defense contractors,$4.85 B,$6.99 B,$0.58 B
RHM.F,2020,Rheinmetall,Germany,Automotive Suppliers|Defense contractors,$4.11 B,$6.61 B,$0.49 B
RHM.F,2021,Rheinmetall,Germany,Automotive Suppliers|Defense contractors,$3.95 B,$6.56 B,$0.70 B
RHM.F,2022,Rheinmetall,Germany,Automotive Suppliers|Defense contractors,$7.22 B,$6.76 B,$0.78 B
RHM.F,2023,Rheinmetall,Germany,Automotive Suppliers|Defense contractors,$7.22 B,$7.79 B,$1.01 B
RTX,2001,Raytheon Technologies,USA,Aerospace|Defense contractors,$30.51 B,$27.48 B,$3.23 B
RTX,2002,Raytheon Technologies,USA,Aerospace|Defense contractors,$29.14 B,$27.98 B,$3.65 B
RTX,2003,Raytheon Technologies,USA,Aerospace|Defense contractors,$48.71 B,$30.72 B,$3.84 B
RTX,2004,Raytheon Technologies,USA,Aerospace|Defense contractors,$52.82 B,$36.70 B,$4.47 B
RTX,2005,Raytheon Technologies,USA,Aerospace|Defense contractors,$56.68 B,$42.27 B,$5.18 B
RTX,2006,Raytheon Technologies,USA,Aerospace|Defense contractors,$62.25 B,$47.11 B,$6.09 B
RTX,2007,Raytheon Technologies,USA,Aerospace|Defense contractors,$75.28 B,$54.75 B,$7.05 B
RTX,2008,Raytheon Technologies,USA,Aerospace|Defense contractors,$50.95 B,$58.04 B,$7.62 B
RTX,2009,Raytheon Technologies,USA,Aerospace|Defense contractors,$65.01 B,$52.42 B,$6.46 B
RTX,2010,Raytheon Technologies,USA,Aerospace|Defense contractors,$72.52 B,$54.32 B,$7.28 B
RTX,2011,Raytheon Technologies,USA,Aerospace|Defense contractors,$66.22 B,$58.19 B,$8.25 B
RTX,2012,Raytheon Technologies,USA,Aerospace|Defense contractors,$75.35 B,$57.71 B,$7.79 B
RTX,2013,Raytheon Technologies,USA,Aerospace|Defense contractors,$104.31 B,$62.62 B,$9.34 B
RTX,2014,Raytheon Technologies,USA,Aerospace|Defense contractors,$104.57 B,$65.10 B,$9.98 B
RTX,2015,Raytheon Technologies,USA,Aerospace|Defense contractors,$80.53 B,$58.96 B,$7.64 B
RTX,2016,Raytheon Technologies,USA,Aerospace|Defense contractors,$90.26 B,$57.24 B,$8.29 B
RTX,2017,Raytheon Technologies,USA,Aerospace|Defense contractors,$101.87 B,$59.83 B,$8.78 B
RTX,2018,Raytheon Technologies,USA,Aerospace|Defense contractors,$91.73 B,$66.50 B,$9.50 B
RTX,2019,Raytheon Technologies,USA,Aerospace|Defense contractors,$129.44 B,$60.61 B,$10.01 B
RTX,2020,Raytheon Technologies,USA,Aerospace|Defense contractors,$108.60 B,$56.58 B,-$1.06 B
RTX,2021,Raytheon Technologies,USA,Aerospace|Defense contractors,$128.81 B,$64.38 B,$6.22 B
RTX,2022,Raytheon Technologies,USA,Aerospace|Defense contractors,$148.35 B,$67.07 B,$7.36 B
RTX,2023,Raytheon Technologies,USA,Aerospace|Defense contractors,$120.98 B,$68.92 B,$5.45 B
SAFRF,2004,Safran,France,CAC 40|Aerospace|Defense contractors,$3.77 B,$4.83 B,$0.29 B
SAFRF,2005,Safran,France,CAC 40|Aerospace|Defense contractors,$9.79 B,$10.27 B,-$0.63 B
SAFRF,2006,Safran,France,CAC 40|Aerospace|Defense contractors,$9.51 B,$14.42 B,$0.17 B
SAFRF,2007,Safran,France,CAC 40|Aerospace|Defense contractors,$8.39 B,$14.18 B,$0.24 B
SAFRF,2008,Safran,France,CAC 40|Aerospace|Defense contractors,$5.42 B,$14.37 B,-$0.15 B
SAFRF,2009,Safran,France,CAC 40|Aerospace|Defense contractors,$7.83 B,$15.12 B,$1.27 B
SAFRF,2010,Safran,France,CAC 40|Aerospace|Defense contractors,$14.08 B,$14.66 B,$0.32 B
SAFRF,2011,Safran,France,CAC 40|Aerospace|Defense contractors,$12.01 B,$15.10 B,$0.90 B
SAFRF,2012,Safran,France,CAC 40|Aerospace|Defense contractors,$17.93 B,$18.00 B,$2.27 B
SAFRF,2013,Safran,France,CAC 40|Aerospace|Defense contractors,$29.04 B,$19.55 B,$2.63 B
SAFRF,2014,Safran,France,CAC 40|Aerospace|Defense contractors,$25.95 B,$18.29 B,-$0.46 B
SAFRF,2015,Safran,France,CAC 40|Aerospace|Defense contractors,$28.85 B,$17.73 B,-$1.46 B
SAFRF,2016,Safran,France,CAC 40|Aerospace|Defense contractors,$30.13 B,$17.35 B,$2.40 B
SAFRF,2017,Safran,France,CAC 40|Aerospace|Defense contractors,$41.98 B,$19.65 B,$6.53 B
SAFRF,2018,Safran,France,CAC 40|Aerospace|Defense contractors,$52.37 B,$24.05 B,$1.93 B
SAFRF,2019,Safran,France,CAC 40|Aerospace|Defense contractors,$65.48 B,$28.11 B,$3.89 B
SAFRF,2020,Safran,France,CAC 40|Aerospace|Defense contractors,$60.88 B,$20.45 B,$0.70 B
SAFRF,2021,Safran,France,CAC 40|Aerospace|Defense contractors,$52.03 B,$17.13 B,$0.30 B
SAFRF,2022,Safran,France,CAC 40|Aerospace|Defense contractors,$53.21 B,$20.38 B,$1.89 B
SAFRF,2023,Safran,France,CAC 40|Aerospace|Defense contractors,$72.94 B,$25.64 B,$3.12 B